feature,coefficient
intercept,-0.7644955039796325
Age_z,-0.42802069911633617
Gender_code,1.0210954851058467
EDUC_z,-0.7238173823664933
SES_imputed_z,-0.2236654956227779
SES_missing,1.2846767541193533
eTIV_z,-0.2383045982233231
nWBV_z,-0.7137679351397542
ASF_z,0.17565323167374386
