feature,importance
nWBV_z,0.19588091359941795
Age_z,0.1666271994019439
eTIV_z,0.15853697157733787
ASF_z,0.15529579410105018
EDUC_z,0.15012093711765906
Gender_code,0.06665731140919517
SES_imputed_z,0.0606224930506404
SES_missing,0.04625837974275547
